transaction_id,date,category,amount
TXN001,7/3/2022,Aalopuri,260
TXN002,8/23/2022,Vadapav,300
TXN003,11/20/2022,Vadapav,20
TXN004,2/3/2023,Sugarcane juice,150
TXN005,10/2/2022,Sugarcane juice,200
TXN006,11/14/2022,Vadapav,200
TXN007,5/3/2022,Sugarcane juice,225
TXN008,12/22/2022,Panipuri,280
TXN009,6/10/2022,Panipuri,20
TXN0010,9/16/2022,Panipuri,100
TXN0011,12/1/2022,Frankie,400
TXN0012,7/12/2022,Vadapav,160
TXN0013,12/22/2022,Panipuri,180
TXN0014,11/25/2022,Frankie,200
TXN0015,2/3/2023,Aalopuri,60
TXN0016,4/14/2022,Sandwich,660
TXN0017,10/16/2022,Panipuri,220
TXN0018,11/5/2022,Panipuri,2000
TXN0019,8/22/2022,Panipuri,220
TXN0020,9/15/2022,Cold coffee,400
TXN0021,12/21/2022,Cold coffee,600
TXN0022,10/4/2022,Sugarcane juice,300
TXN0023,5/26/2022,Sandwich,180
TXN0024,2/11/2023,Sugarcane juice,250
TXN0025,8/31/2022,Sandwich,60
TXN0026,8/18/2022,Sugarcane juice,100
TXN0027,10/12/2022,Cold coffee,440
TXN0028,1/6/2023,Cold coffee,400
TXN0029,2/10/2023,Sugarcane juice,225
TXN0030,1/28/2023,Frankie,100
TXN0031,9/14/2022,Cold coffee,520
TXN0032,5/6/2022,Aalopuri,80
TXN0033,2/5/2023,Aalopuri,260
TXN0034,2/4/2023,Frankie,600
TXN0035,5/22/2022,Vadapav,160
TXN0036,7/2/2022,Cold coffee,400
TXN0037,1/5/2023,Frankie,500
TXN0038,3/8/2023,Panipuri,240
TXN0039,5/14/2022,Vadapav,40
TXN0040,2/5/2023,Sandwich,300
TXN0041,11/13/2022,Cold coffee,440
TXN0042,5/9/2022,Aalopuri,160
TXN0043,5/26/2022,Vadapav,20
TXN0044,8/28/2022,Cold coffee,480
TXN0045,8/15/2022,Sugarcane juice,150
TXN0046,5/7/2022,Vadapav,140
TXN0047,7/10/2022,Sandwich,420
TXN0048,2/23/2023,Sandwich,840
TXN0049,11/6/2022,Frankie,200
TXN0050,11/2/2022,Vadapav,160
TXN0051,5/16/2022,Frankie,750
TXN0052,3/16/2023,Sugarcane juice,300
TXN0053,7/26/2022,Aalopuri,260
TXN0054,12/28/2022,Panipuri,280
TXN0055,5/7/2022,Sandwich,600
TXN0056,11/23/2022,Panipuri,220
TXN0057,8/4/2022,Panipuri,280
TXN0058,2/3/2023,Vadapav,120
TXN0059,7/1/2022,Vadapav,100
TXN0060,6/11/2022,Cold coffee,80
TXN0061,12/25/2022,Vadapav,280
TXN0062,10/17/2022,Sugarcane juice,75
TXN0063,12/1/2022,Sandwich,420
TXN0064,12/9/2022,Cold coffee,40
TXN0065,7/25/2022,Aalopuri,80
TXN0066,4/5/2022,Frankie,100
TXN0067,5/15/2022,Aalopuri,180
TXN0068,12/17/2022,Cold coffee,80
TXN0069,1/10/2023,Vadapav,140
TXN0070,5/9/2022,Cold coffee,560
TXN0071,12/5/2022,Cold coffee,240
TXN0072,3/9/2023,Frankie,650
TXN0073,7/29/2022,Panipuri,100
TXN0074,8/15/2022,Cold coffee,400
TXN0075,2/2/2023,Cold coffee,240
TXN0076,8/17/2022,Vadapav,180
TXN0077,2/4/2023,Sugarcane juice,300
TXN0078,10/1/2022,Vadapav,80
TXN0079,11/5/2022,Panipuri,120
TXN0080,5/24/2022,Frankie,650
TXN0081,11/19/2022,Frankie,600
TXN0082,7/17/2022,Frankie,150
TXN0083,11/13/2022,Frankie,550
TXN0084,3/3/2023,Panipuri,260
TXN0085,8/19/2022,Aalopuri,60
TXN0086,3/9/2023,Aalopuri,300
TXN0087,5/29/2022,Aalopuri,160
TXN0088,7/7/2022,Cold coffee,400
TXN0089,12/23/2022,Aalopuri,280
TXN0090,10/29/2022,Vadapav,300
TXN0091,3/22/2023,Cold coffee,240
TXN0092,5/13/2022,Aalopuri,300
TXN0093,7/3/2022,Cold coffee,80
TXN0094,9/14/2022,Aalopuri,300
TXN0095,5/12/2022,Sugarcane juice,200
TXN0096,8/22/2022,Sandwich,900
TXN0097,3/29/2023,Cold coffee,520
TXN0098,12/24/2022,Vadapav,20
TXN0099,9/11/2022,Sugarcane juice,75
TXN00100,5/8/2022,Panipuri,220
TXN00101,3/26/2023,Vadapav,60
TXN00102,3/13/2023,Cold coffee,560
TXN00103,3/14/2023,Cold coffee,320
TXN00104,10/27/2022,Cold coffee,520
TXN00105,1/25/2023,Panipuri,160
TXN00106,2/25/2023,Frankie,450
TXN00107,2/7/2023,Sandwich,240
TXN00108,8/6/2022,Panipuri,100
TXN00109,8/8/2022,Cold coffee,480
TXN00110,11/16/2022,Panipuri,40
TXN00111,9/4/2022,Sandwich,480
TXN00112,2/24/2023,Sandwich,420
TXN00113,12/12/2022,Aalopuri,160
TXN00114,8/14/2022,Aalopuri,200
TXN00115,1/12/2023,Aalopuri,260
TXN00116,8/26/2022,Sugarcane juice,325
TXN00117,3/9/2023,Frankie,350
TXN00118,7/6/2022,Sandwich,60
TXN00119,5/12/2022,Panipuri,200
TXN00120,7/10/2022,Frankie,100
TXN00121,8/26/2022,Cold coffee,320
TXN00122,4/24/2022,Panipuri,60
TXN00123,6/9/2022,Cold coffee,240
TXN00124,10/14/2022,Sugarcane juice,325
TXN00125,4/10/2022,Vadapav,140
TXN00126,4/8/2022,Panipuri,220
TXN00127,12/3/2022,Aalopuri,20
TXN00128,8/7/2022,Vadapav,220
TXN00129,10/19/2022,Panipuri,260
TXN00130,12/28/2022,Sugarcane juice,175
TXN00131,1/19/2023,Sandwich,480
TXN00132,12/5/2022,Vadapav,80
TXN00133,12/20/2022,Aalopuri,100
TXN00134,7/17/2022,Aalopuri,240
TXN00135,1/14/2023,Aalopuri,160
TXN00136,8/24/2022,Aalopuri,300
TXN00137,3/19/2023,Sugarcane juice,150
TXN00138,9/1/2022,Sandwich,900
TXN00139,2/26/2023,Frankie,550
TXN00140,6/12/2022,Frankie,650
TXN00141,6/15/2022,Aalopuri,80
TXN00142,12/30/2022,Sugarcane juice,300
TXN00143,9/18/2022,Frankie,400
TXN00144,11/17/2022,Panipuri,200
TXN00145,10/9/2022,Sandwich,840
TXN00146,10/28/2022,Frankie,200
TXN00147,5/17/2022,Panipuri,140
TXN00148,3/19/2023,Sandwich,780
TXN00149,8/9/2022,Sandwich,420
TXN00150,1/30/2023,Cold coffee,560
TXN00151,7/10/2022,Frankie,650
TXN00152,10/24/2022,Cold coffee,360
TXN00153,7/21/2022,Panipuri,20
TXN00154,12/13/2022,Vadapav,60
TXN00155,2/7/2023,Sugarcane juice,250
TXN00156,3/25/2023,Panipuri,280
TXN00157,2/24/2023,Frankie,350
TXN00158,5/16/2022,Aalopuri,40
TXN00159,10/3/2022,Sugarcane juice,25
TXN00160,7/23/2022,Vadapav,200
TXN00161,1/19/2023,Sugarcane juice,300
TXN00162,5/7/2022,Aalopuri,220
TXN00163,1/6/2023,Frankie,300
TXN00164,8/10/2022,Sugarcane juice,175
TXN00165,1/5/2023,Sandwich,660
TXN00166,6/1/2022,Panipuri,120
TXN00167,2/23/2023,Cold coffee,240
TXN00168,4/19/2022,Sandwich,240
TXN00169,6/20/2022,Vadapav,120
TXN00170,2/13/2023,Aalopuri,120
TXN00171,3/2/2023,Vadapav,220
TXN00172,8/27/2022,Sugarcane juice,150
TXN00173,1/20/2023,Cold coffee,80
TXN00174,9/3/2022,Aalopuri,40
TXN00175,10/17/2022,Frankie,600
TXN00176,8/4/2022,Panipuri,20
TXN00177,7/21/2022,Panipuri,220
TXN00178,12/9/2022,Aalopuri,40
TXN00179,3/3/2023,Sugarcane juice,125
TXN00180,12/1/2022,Vadapav,120
TXN00181,6/9/2022,Cold coffee,280
TXN00182,7/2/2022,Cold coffee,40
TXN00183,7/10/2022,Sugarcane juice,125
TXN00184,1/3/2023,Cold coffee,320
TXN00185,1/13/2023,Sugarcane juice,375
TXN00186,3/15/2023,Frankie,100
TXN00187,10/11/2022,Aalopuri,300
TXN00188,12/28/2022,Panipuri,280
TXN00189,2/8/2023,Vadapav,240
TXN00190,4/26/2022,Cold coffee,40
TXN00191,5/20/2022,Sugarcane juice,350
TXN00192,10/26/2022,Vadapav,40
TXN00193,2/5/2023,Cold coffee,600
TXN00194,12/15/2022,Vadapav,80
TXN00195,4/23/2022,Sandwich,240
TXN00196,6/25/2022,Sandwich,180
TXN00197,11/8/2022,Panipuri,200
TXN00198,1/5/2023,Frankie,750
TXN00199,2/1/2023,Frankie,300
TXN00200,12/25/2022,Cold coffee,400
TXN00201,6/30/2022,Panipuri,160
TXN00202,9/21/2022,Aalopuri,180
TXN00203,4/11/2022,Vadapav,120
TXN00204,10/24/2022,Cold coffee,280
TXN00205,10/17/2022,Vadapav,80
TXN00206,7/27/2022,Aalopuri,80
TXN00207,2/20/2023,Cold coffee,320
TXN00208,8/26/2022,Cold coffee,520
TXN00209,12/4/2022,Aalopuri,40
TXN00210,1/2/2023,Sugarcane juice,375
TXN00211,4/18/2022,Aalopuri,240
TXN00212,5/5/2022,Cold coffee,480
TXN00213,9/29/2022,Vadapav,60
TXN00214,12/3/2022,Sugarcane juice,350
TXN00215,12/10/2022,Sugarcane juice,175
TXN00216,3/7/2023,Panipuri,180
TXN00217,3/23/2023,Cold coffee,400
TXN00218,12/23/2022,Cold coffee,520
TXN00219,10/1/2022,Aalopuri,180
TXN00220,5/13/2022,Sugarcane juice,25
TXN00221,3/26/2023,Sandwich,60
TXN00222,9/11/2022,Sandwich,360
TXN00223,9/21/2022,Panipuri,260
TXN00224,3/23/2023,Sugarcane juice,350
TXN00225,3/16/2023,Frankie,550
TXN00226,12/12/2022,Aalopuri,260
TXN00227,11/17/2022,Cold coffee,200
TXN00228,11/5/2022,Panipuri,160
TXN00229,12/15/2022,Panipuri,140
TXN00230,4/16/2022,Frankie,300
TXN00231,4/16/2022,Sugarcane juice,75
TXN00232,4/23/2022,Vadapav,260
TXN00233,7/31/2022,Panipuri,100
TXN00234,7/27/2022,Panipuri,200
TXN00235,11/29/2022,Sandwich,600
TXN00236,6/26/2022,Vadapav,240
TXN00237,11/8/2022,Panipuri,260
TXN00238,4/26/2022,Vadapav,260
TXN00239,12/4/2022,Frankie,200
TXN00240,12/11/2022,Sandwich,600
TXN00241,6/6/2022,Sugarcane juice,50
TXN00242,12/23/2022,Cold coffee,160
TXN00243,11/12/2022,Panipuri,100
TXN00244,11/22/2022,Sandwich,600
TXN00245,10/3/2022,Vadapav,40
TXN00246,11/16/2022,Vadapav,200
TXN00247,10/3/2022,Sugarcane juice,150
TXN00248,4/17/2022,Frankie,250
TXN00249,10/26/2022,Sugarcane juice,75
TXN00250,11/15/2022,Sugarcane juice,150
TXN00251,12/21/2022,Cold coffee,520
TXN00252,3/26/2023,Vadapav,160
TXN00253,6/18/2022,Sugarcane juice,325
TXN00254,10/9/2022,Cold coffee,480
TXN00255,4/30/2022,Vadapav,140
TXN00256,3/16/2023,Aalopuri,60
TXN00257,1/3/2023,Sandwich,600
TXN00258,9/6/2022,Vadapav,280
TXN00259,11/18/2022,Sandwich,240
TXN00260,9/10/2022,Sugarcane juice,50
TXN00261,1/11/2023,Frankie,450
TXN00262,3/5/2023,Vadapav,100
TXN00263,6/19/2022,Panipuri,40
TXN00264,7/18/2022,Sugarcane juice,300
TXN00265,8/15/2022,Vadapav,120
TXN00266,10/2/2022,Frankie,500
TXN00267,3/5/2023,Vadapav,20
TXN00268,2/5/2023,Cold coffee,480
TXN00269,12/22/2022,Panipuri,40
TXN00270,9/7/2022,Sandwich,780
TXN00271,5/3/2022,Vadapav,260
TXN00272,7/29/2022,Frankie,250
TXN00273,8/15/2022,Panipuri,300
TXN00274,1/4/2023,Sugarcane juice,250
TXN00275,2/4/2023,Vadapav,300
TXN00276,9/30/2022,Sugarcane juice,150
TXN00277,12/8/2022,Cold coffee,520
TXN00278,6/19/2022,Frankie,300
TXN00279,9/14/2022,Vadapav,300
TXN00280,10/9/2022,Panipuri,280
TXN00281,8/9/2022,Sandwich,180
TXN00282,5/16/2022,Vadapav,260
TXN00283,7/2/2022,Panipuri,40
TXN00284,1/29/2023,Frankie,350
TXN00285,6/28/2022,Aalopuri,60
TXN00286,12/14/2022,Vadapav,120
TXN00287,8/6/2022,Aalopuri,60
TXN00288,8/22/2022,Sandwich,420
TXN00289,11/28/2022,Aalopuri,140
TXN00290,5/3/2022,Panipuri,140
TXN00291,1/27/2023,Frankie,400
TXN00292,1/16/2023,Frankie,100
TXN00293,4/21/2022,Panipuri,160
TXN00294,9/23/2022,Aalopuri,20
TXN00295,7/21/2022,Sandwich,420
TXN00296,2/6/2023,Panipuri,140
TXN00297,4/30/2022,Sandwich,600
TXN00298,7/19/2022,Sugarcane juice,225
TXN00299,7/22/2022,Aalopuri,20
TXN00300,6/27/2022,Aalopuri,160
TXN00301,1/28/2023,Panipuri,140
TXN00302,3/21/2023,Aalopuri,280
TXN00303,7/2/2022,Sugarcane juice,25
TXN00304,5/28/2022,Vadapav,300
TXN00305,3/5/2023,Panipuri,80
TXN00306,3/3/2023,Cold coffee,320
TXN00307,2/13/2023,Vadapav,160
TXN00308,12/17/2022,Sandwich,780
TXN00309,10/14/2022,Sandwich,480
TXN00310,4/25/2022,Vadapav,80
TXN00311,7/31/2022,Frankie,350
TXN00312,12/28/2022,Cold coffee,40
TXN00313,4/19/2022,Cold coffee,40
TXN00314,2/27/2023,Frankie,400
TXN00315,2/20/2023,Cold coffee,520
TXN00316,11/2/2022,Frankie,200
TXN00317,3/10/2023,Aalopuri,240
TXN00318,12/21/2022,Aalopuri,200
TXN00319,6/30/2022,Frankie,750
TXN00320,3/18/2023,Sugarcane juice,175
TXN00321,2/8/2023,Frankie,600
TXN00322,5/5/2022,Cold coffee,440
TXN00323,12/29/2022,Aalopuri,80
TXN00324,7/18/2022,Sugarcane juice,375
TXN00325,3/2/2023,Aalopuri,240
TXN00326,5/3/2022,Sandwich,480
TXN00327,11/29/2022,Frankie,750
TXN00328,6/16/2022,Vadapav,60
TXN00329,1/10/2023,Panipuri,140
TXN00330,9/22/2022,Panipuri,160
TXN00331,8/21/2022,Panipuri,80
TXN00332,2/17/2023,Aalopuri,40
TXN00333,10/30/2022,Sugarcane juice,275
TXN00334,4/4/2022,Cold coffee,160
TXN00335,10/24/2022,Cold coffee,440
TXN00336,9/3/2022,Sugarcane juice,325
TXN00337,10/15/2022,Aalopuri,280
TXN00338,5/6/2022,Sugarcane juice,300
TXN00339,2/16/2023,Sugarcane juice,25
TXN00340,6/2/2022,Cold coffee,160
TXN00341,3/19/2023,Frankie,450
TXN00342,3/11/2023,Vadapav,140
TXN00343,1/18/2023,Sugarcane juice,125
TXN00344,5/13/2022,Cold coffee,560
TXN00345,5/9/2022,Panipuri,280
TXN00346,1/31/2023,Cold coffee,480
TXN00347,6/24/2022,Frankie,350
TXN00348,9/19/2022,Vadapav,20
TXN00349,8/17/2022,Panipuri,100
TXN00350,9/21/2022,Cold coffee,320
TXN00351,7/8/2022,Frankie,250
TXN00352,5/25/2022,Frankie,550
TXN00353,5/18/2022,Vadapav,80
TXN00354,1/16/2023,Panipuri,280
TXN00355,3/15/2023,Cold coffee,160
TXN00356,5/26/2022,Sugarcane juice,350
TXN00357,9/21/2022,Sandwich,540
TXN00358,10/27/2022,Aalopuri,120
TXN00359,8/27/2022,Aalopuri,260
TXN00360,10/6/2022,Cold coffee,80
TXN00361,6/30/2022,Sandwich,900
TXN00362,12/30/2022,Sugarcane juice,50
TXN00363,5/9/2022,Frankie,450
TXN00364,10/11/2022,Cold coffee,80
TXN00365,7/8/2022,Panipuri,200
TXN00366,11/30/2022,Sugarcane juice,250
TXN00367,8/10/2022,Panipuri,120
TXN00368,8/31/2022,Cold coffee,80
TXN00369,7/3/2022,Sandwich,120
TXN00370,5/28/2022,Panipuri,100
TXN00371,10/18/2022,Vadapav,100
TXN00372,11/19/2022,Frankie,600
TXN00373,5/8/2022,Sugarcane juice,300
TXN00374,7/24/2022,Frankie,500
TXN00375,11/17/2022,Panipuri,260
TXN00376,12/4/2022,Frankie,750
TXN00377,5/20/2022,Sugarcane juice,75
TXN00378,4/24/2022,Vadapav,40
TXN00379,2/15/2023,Cold coffee,560
TXN00380,10/20/2022,Sandwich,300
TXN00381,2/26/2023,Vadapav,20
TXN00382,8/16/2022,Cold coffee,360
TXN00383,5/6/2022,Aalopuri,140
TXN00384,10/22/2022,Sugarcane juice,25
TXN00385,4/25/2022,Vadapav,100
TXN00386,11/23/2022,Frankie,250
TXN00387,3/17/2023,Sugarcane juice,350
TXN00388,10/9/2022,Sandwich,840
TXN00389,12/22/2022,Sandwich,720
TXN00390,6/18/2022,Sugarcane juice,125
TXN00391,4/21/2022,Aalopuri,20
TXN00392,9/18/2022,Aalopuri,300
TXN00393,7/2/2022,Sugarcane juice,250
TXN00394,4/3/2022,Sandwich,60
TXN00395,1/31/2023,Sandwich,180
TXN00396,10/31/2022,Frankie,750
TXN00397,7/6/2022,Aalopuri,40
TXN00398,1/13/2023,Panipuri,120
TXN00399,6/24/2022,Panipuri,180
TXN00400,3/4/2023,Cold coffee,600
TXN00401,10/11/2022,Sugarcane juice,200
TXN00402,3/19/2023,Frankie,350
TXN00403,9/25/2022,Cold coffee,120
TXN00404,11/26/2022,Frankie,350
TXN00405,12/13/2022,Sugarcane juice,250
TXN00406,10/13/2022,Cold coffee,160
TXN00407,1/2/2023,Sugarcane juice,50
TXN00408,10/5/2022,Vadapav,80
TXN00409,9/15/2022,Aalopuri,180
TXN00410,11/23/2022,Aalopuri,300
TXN00411,11/20/2022,Panipuri,240
TXN00412,3/9/2023,Sugarcane juice,350
TXN00413,4/3/2022,Aalopuri,200
TXN00414,1/21/2023,Cold coffee,520
TXN00415,12/5/2022,Vadapav,160
TXN00416,8/5/2022,Sandwich,540
TXN00417,1/16/2023,Panipuri,60
TXN00418,11/12/2022,Cold coffee,280
TXN00419,10/8/2022,Sugarcane juice,350
TXN00420,1/30/2023,Frankie,650
TXN00421,3/24/2023,Cold coffee,80
TXN00422,8/2/2022,Cold coffee,280
TXN00423,10/21/2022,Frankie,350
TXN00424,4/21/2022,Sugarcane juice,225
TXN00425,8/17/2022,Panipuri,280
TXN00426,1/20/2023,Frankie,700
TXN00427,5/21/2022,Sandwich,120
TXN00428,12/24/2022,Sugarcane juice,200
TXN00429,9/19/2022,Cold coffee,120
TXN00430,11/5/2022,Sandwich,240
TXN00431,3/16/2023,Panipuri,120
TXN00432,3/27/2023,Panipuri,120
TXN00433,5/27/2022,Panipuri,280
TXN00434,8/21/2022,Aalopuri,240
TXN00435,5/8/2022,Sandwich,60
TXN00436,1/5/2023,Frankie,500
TXN00437,8/31/2022,Cold coffee,40
TXN00438,6/20/2022,Cold coffee,200
TXN00439,9/30/2022,Frankie,650
TXN00440,11/28/2022,Aalopuri,140
TXN00441,11/2/2022,Aalopuri,20
TXN00442,8/22/2022,Sugarcane juice,175
TXN00443,9/5/2022,Sugarcane juice,300
TXN00444,9/28/2022,Frankie,200
TXN00445,10/22/2022,Sandwich,840
TXN00446,8/31/2022,Cold coffee,360
TXN00447,1/17/2023,Frankie,300
TXN00448,7/27/2022,Vadapav,120
TXN00449,9/9/2022,Frankie,200
TXN00450,5/20/2022,Sugarcane juice,25
TXN00451,3/15/2023,Sugarcane juice,250
TXN00452,12/25/2022,Frankie,250
TXN00453,10/20/2022,Sandwich,60
TXN00454,3/7/2023,Sandwich,60
TXN00455,3/1/2023,Cold coffee,440
TXN00456,12/31/2022,Cold coffee,520
TXN00457,10/16/2022,Cold coffee,440
TXN00458,9/12/2022,Sugarcane juice,200
TXN00459,6/8/2022,Vadapav,280
TXN00460,11/20/2022,Aalopuri,40
TXN00461,7/22/2022,Sugarcane juice,125
TXN00462,4/24/2022,Vadapav,60
TXN00463,6/11/2022,Sandwich,360
TXN00464,10/18/2022,Sugarcane juice,325
TXN00465,1/15/2023,Sugarcane juice,300
TXN00466,1/11/2023,Panipuri,120
TXN00467,10/17/2022,Aalopuri,220
TXN00468,9/8/2022,Panipuri,40
TXN00469,5/15/2022,Sandwich,420
TXN00470,9/29/2022,Vadapav,160
TXN00471,2/13/2023,Panipuri,140
TXN00472,1/11/2023,Panipuri,200
TXN00473,9/4/2022,Sandwich,300
TXN00474,8/28/2022,Sugarcane juice,375
TXN00475,2/24/2023,Cold coffee,240
TXN00476,2/2/2023,Aalopuri,200
TXN00477,2/13/2023,Sandwich,900
TXN00478,12/27/2022,Sugarcane juice,225
TXN00479,2/13/2023,Sandwich,660
TXN00480,10/2/2022,Vadapav,240
TXN00481,10/29/2022,Sugarcane juice,100
TXN00482,1/31/2023,Aalopuri,20
TXN00483,4/27/2022,Panipuri,180
TXN00484,3/21/2023,Cold coffee,200
TXN00485,2/26/2023,Aalopuri,120
TXN00486,2/14/2023,Vadapav,120
TXN00487,5/27/2022,Sandwich,540
TXN00488,9/21/2022,Cold coffee,400
TXN00489,2/3/2023,Frankie,650
TXN00490,12/26/2022,Cold coffee,320
TXN00491,5/31/2022,Vadapav,40
TXN00492,7/11/2022,Sandwich,900
TXN00493,10/2/2022,Cold coffee,80
TXN00494,1/14/2023,Cold coffee,400
TXN00495,10/20/2022,Aalopuri,260
TXN00496,11/7/2022,Cold coffee,400
TXN00497,1/25/2023,Sandwich,420
TXN00498,6/16/2022,Frankie,50
TXN00499,7/27/2022,Sandwich,480
TXN00500,4/8/2022,Vadapav,80
TXN00501,8/9/2022,Sugarcane juice,350
TXN00502,1/4/2023,Panipuri,260
TXN00503,11/4/2022,Aalopuri,260
TXN00504,12/9/2022,Cold coffee,320
TXN00505,2/12/2023,Frankie,200
TXN00506,12/26/2022,Cold coffee,480
TXN00507,12/14/2022,Aalopuri,280
TXN00508,12/10/2022,Sandwich,60
TXN00509,10/26/2022,Vadapav,220
TXN00510,4/4/2022,Sandwich,840
TXN00511,8/2/2022,Panipuri,80
TXN00512,1/11/2023,Panipuri,60
TXN00513,7/16/2022,Cold coffee,200
TXN00514,8/24/2022,Cold coffee,320
TXN00515,11/2/2022,Sandwich,420
TXN00516,9/22/2022,Sugarcane juice,300
TXN00517,7/2/2022,Panipuri,260
TXN00518,12/9/2022,Aalopuri,120
TXN00519,11/25/2022,Cold coffee,400
TXN00520,4/3/2022,Panipuri,220
TXN00521,1/27/2023,Panipuri,280
TXN00522,12/29/2022,Panipuri,260
TXN00523,11/3/2022,Frankie,300
TXN00524,5/1/2022,Aalopuri,260
TXN00525,5/4/2022,Vadapav,60
TXN00526,7/4/2022,Sandwich,600
TXN00527,1/6/2023,Sugarcane juice,150
TXN00528,7/1/2022,Sugarcane juice,175
TXN00529,5/15/2022,Aalopuri,240
TXN00530,7/27/2022,Panipuri,120
TXN00531,10/4/2022,Cold coffee,400
TXN00532,3/27/2023,Panipuri,260
TXN00533,2/5/2023,Frankie,100
TXN00534,5/16/2022,Vadapav,40
TXN00535,9/5/2022,Sandwich,240
TXN00536,3/1/2023,Sugarcane juice,175
TXN00537,1/25/2023,Panipuri,60
TXN00538,6/5/2022,Panipuri,140
TXN00539,9/7/2022,Panipuri,60
TXN00540,5/27/2022,Vadapav,260
TXN00541,7/30/2022,Panipuri,240
TXN00542,8/4/2022,Sugarcane juice,225
TXN00543,4/10/2022,Aalopuri,300
TXN00544,12/14/2022,Sandwich,900
TXN00545,1/1/2023,Sandwich,780
TXN00546,7/9/2022,Aalopuri,20
TXN00547,5/14/2022,Cold coffee,400
TXN00548,3/29/2023,Cold coffee,560
TXN00549,4/15/2022,Sugarcane juice,75
TXN00550,11/15/2022,Cold coffee,600
TXN00551,7/30/2022,Sugarcane juice,175
TXN00552,9/12/2022,Sugarcane juice,375
TXN00553,11/11/2022,Panipuri,280
TXN00554,3/9/2023,Panipuri,80
TXN00555,4/16/2022,Sandwich,360
TXN00556,2/27/2023,Vadapav,180
TXN00557,6/30/2022,Sandwich,120
TXN00558,10/1/2022,Panipuri,100
TXN00559,8/31/2022,Cold coffee,200
TXN00560,12/10/2022,Sugarcane juice,25
TXN00561,6/13/2022,Panipuri,20
TXN00562,8/9/2022,Frankie,200
TXN00563,10/13/2022,Frankie,350
TXN00564,9/27/2022,Cold coffee,80
TXN00565,9/27/2022,Panipuri,300
TXN00566,7/19/2022,Frankie,150
TXN00567,10/16/2022,Cold coffee,280
TXN00568,12/29/2022,Panipuri,240
TXN00569,1/2/2023,Cold coffee,600
TXN00570,9/15/2022,Sugarcane juice,100
TXN00571,11/28/2022,Sugarcane juice,25
TXN00572,4/2/2022,Sandwich,900
TXN00573,9/7/2022,Frankie,100
TXN00574,10/22/2022,Aalopuri,20
TXN00575,12/24/2022,Vadapav,20
TXN00576,3/23/2023,Panipuri,240
TXN00577,9/6/2022,Cold coffee,280
TXN00578,6/30/2022,Frankie,250
TXN00579,4/27/2022,Panipuri,40
TXN00580,7/1/2022,Panipuri,200
TXN00581,4/23/2022,Sugarcane juice,325
TXN00582,5/12/2022,Aalopuri,260
TXN00583,5/31/2022,Frankie,400
TXN00584,12/4/2022,Cold coffee,600
TXN00585,3/5/2023,Vadapav,220
TXN00586,5/22/2022,Sandwich,900
TXN00587,4/9/2022,Aalopuri,200
TXN00588,6/16/2022,Frankie,550
TXN00589,8/25/2022,Cold coffee,200
TXN00590,3/27/2023,Panipuri,300
TXN00591,10/1/2022,Sandwich,780
TXN00592,12/4/2022,Sugarcane juice,175
TXN00593,2/16/2023,Sugarcane juice,225
TXN00594,1/20/2023,Frankie,300
TXN00595,2/22/2023,Frankie,450
TXN00596,4/26/2022,Cold coffee,40
TXN00597,11/30/2022,Panipuri,200
TXN00598,8/2/2022,Cold coffee,320
TXN00599,10/3/2022,Frankie,650
TXN00600,12/24/2022,Panipuri,120
TXN00601,11/1/2022,Aalopuri,240
TXN00602,8/27/2022,Aalopuri,200
TXN00603,8/31/2022,Vadapav,200
TXN00604,9/8/2022,Frankie,500
TXN00605,4/4/2022,Cold coffee,600
TXN00606,4/9/2022,Cold coffee,240
TXN00607,12/15/2022,Vadapav,180
TXN00608,2/28/2023,Aalopuri,20
TXN00609,2/7/2023,Aalopuri,280
TXN00610,5/8/2022,Frankie,650
TXN00611,6/25/2022,Aalopuri,40
TXN00612,2/6/2023,Aalopuri,60
TXN00613,6/10/2022,Vadapav,100
TXN00614,12/19/2022,Vadapav,40
TXN00615,8/14/2022,Sandwich,840
TXN00616,7/15/2022,Vadapav,120
TXN00617,6/28/2022,Sugarcane juice,50
TXN00618,4/8/2022,Frankie,50
TXN00619,9/9/2022,Sugarcane juice,100
TXN00620,9/14/2022,Panipuri,240
TXN00621,2/13/2023,Aalopuri,40
TXN00622,12/14/2022,Panipuri,260
TXN00623,4/2/2022,Cold coffee,600
TXN00624,3/8/2023,Sandwich,540
TXN00625,6/17/2022,Sandwich,900
TXN00626,2/1/2023,Cold coffee,600
TXN00627,6/22/2022,Sugarcane juice,375
TXN00628,5/2/2022,Cold coffee,400
TXN00629,1/20/2023,Sugarcane juice,225
TXN00630,5/27/2022,Frankie,350
TXN00631,7/1/2022,Cold coffee,520
TXN00632,10/28/2022,Panipuri,180
TXN00633,5/24/2022,Cold coffee,120
TXN00634,7/26/2022,Panipuri,260
TXN00635,2/6/2023,Vadapav,300
TXN00636,4/26/2022,Cold coffee,480
TXN00637,5/14/2022,Aalopuri,140
TXN00638,8/20/2022,Cold coffee,440
TXN00639,1/26/2023,Vadapav,280
TXN00640,1/4/2023,Sandwich,900
TXN00641,2/9/2023,Vadapav,300
TXN00642,5/9/2022,Cold coffee,400
TXN00643,10/20/2022,Sugarcane juice,50
TXN00644,2/3/2023,Panipuri,100
TXN00645,7/26/2022,Sandwich,540
TXN00646,8/30/2022,Vadapav,280
TXN00647,6/5/2022,Vadapav,60
TXN00648,5/27/2022,Sandwich,420
TXN00649,11/5/2022,Frankie,450
TXN00650,4/7/2022,Sandwich,780
TXN00651,7/11/2022,Sandwich,600
TXN00652,5/21/2022,Cold coffee,520
TXN00653,5/30/2022,Frankie,500
TXN00654,3/4/2023,Vadapav,180
TXN00655,6/30/2022,Sugarcane juice,300
TXN00656,11/28/2022,Sandwich,360
TXN00657,1/10/2023,Cold coffee,280
TXN00658,10/10/2022,Aalopuri,240
TXN00659,1/21/2023,Panipuri,40
TXN00660,7/25/2022,Sandwich,540
TXN00661,10/11/2022,Frankie,350
TXN00662,2/15/2023,Panipuri,60
TXN00663,2/5/2023,Sugarcane juice,25
TXN00664,10/31/2022,Frankie,500
TXN00665,5/6/2022,Aalopuri,280
TXN00666,1/25/2023,Panipuri,180
TXN00667,9/28/2022,Vadapav,60
TXN00668,5/11/2022,Aalopuri,80
TXN00669,3/18/2023,Sandwich,660
TXN00670,7/5/2022,Panipuri,300
TXN00671,10/9/2022,Sandwich,120
TXN00672,11/24/2022,Cold coffee,120
TXN00673,9/17/2022,Sandwich,720
TXN00674,7/17/2022,Sugarcane juice,325
TXN00675,4/17/2022,Sandwich,720
TXN00676,5/4/2022,Frankie,350
TXN00677,5/19/2022,Cold coffee,120
TXN00678,5/23/2022,Aalopuri,60
TXN00679,11/2/2022,Sandwich,720
TXN00680,4/20/2022,Cold coffee,160
TXN00681,12/9/2022,Frankie,450
TXN00682,10/11/2022,Aalopuri,280
TXN00683,8/12/2022,Frankie,750
TXN00684,9/18/2022,Vadapav,100
TXN00685,5/20/2022,Aalopuri,60
TXN00686,11/25/2022,Cold coffee,200
TXN00687,12/18/2022,Vadapav,200
TXN00688,5/14/2022,Frankie,250
TXN00689,8/13/2022,Vadapav,120
TXN00690,10/5/2022,Vadapav,180
TXN00691,4/1/2022,Sandwich,420
TXN00692,1/13/2023,Frankie,700
TXN00693,11/29/2022,Sugarcane juice,325
TXN00694,4/22/2022,Panipuri,280
TXN00695,8/24/2022,Panipuri,200
TXN00696,2/23/2023,Sugarcane juice,75
TXN00697,5/5/2022,Sugarcane juice,125
TXN00698,11/26/2022,Panipuri,200
TXN00699,9/9/2022,Cold coffee,40
TXN00700,11/15/2022,Frankie,300
TXN00701,7/19/2022,Sugarcane juice,350
TXN00702,3/25/2023,Cold coffee,520
TXN00703,11/1/2022,Panipuri,200
TXN00704,8/14/2022,Sandwich,60
TXN00705,10/7/2022,Sandwich,360
TXN00706,2/5/2023,Frankie,400
TXN00707,12/16/2022,Panipuri,40
TXN00708,3/15/2023,Sandwich,300
TXN00709,2/22/2023,Cold coffee,240
TXN00710,3/15/2023,Sandwich,900
TXN00711,10/30/2022,Aalopuri,60
TXN00712,12/17/2022,Vadapav,60
TXN00713,12/2/2022,Sugarcane juice,350
TXN00714,12/14/2022,Sugarcane juice,350
TXN00715,4/12/2022,Sandwich,60
TXN00716,12/3/2022,Panipuri,180
TXN00717,10/11/2022,Sugarcane juice,375
TXN00718,12/28/2022,Aalopuri,40
TXN00719,5/9/2022,Vadapav,300
TXN00720,5/10/2022,Frankie,700
TXN00721,8/13/2022,Panipuri,240
TXN00722,9/14/2022,Vadapav,300
TXN00723,2/16/2023,Cold coffee,400
TXN00724,6/27/2022,Frankie,500
TXN00725,7/4/2022,Vadapav,120
TXN00726,9/11/2022,Panipuri,20
TXN00727,8/25/2022,Aalopuri,100
TXN00728,8/3/2022,Vadapav,20
TXN00729,11/24/2022,Sandwich,420
TXN00730,6/28/2022,Frankie,650
TXN00731,3/9/2023,Frankie,500
TXN00732,6/13/2022,Panipuri,140
TXN00733,2/3/2023,Frankie,500
TXN00734,10/7/2022,Frankie,350
TXN00735,8/10/2022,Panipuri,220
TXN00736,9/25/2022,Panipuri,260
TXN00737,9/20/2022,Frankie,650
TXN00738,3/1/2023,Sandwich,240
TXN00739,6/6/2022,Aalopuri,220
TXN00740,7/30/2022,Aalopuri,180
TXN00741,7/16/2022,Aalopuri,100
TXN00742,11/18/2022,Panipuri,280
TXN00743,11/9/2022,Panipuri,20
TXN00744,6/25/2022,Frankie,500
TXN00745,9/11/2022,Aalopuri,40
TXN00746,8/5/2022,Sugarcane juice,125
TXN00747,1/14/2023,Cold coffee,120
TXN00748,9/20/2022,Sandwich,840
TXN00749,8/31/2022,Vadapav,220
TXN00750,2/1/2023,Frankie,50
TXN00751,9/16/2022,Vadapav,40
TXN00752,6/4/2022,Panipuri,40
TXN00753,6/26/2022,Sugarcane juice,25
TXN00754,12/29/2022,Sugarcane juice,350
TXN00755,1/2/2023,Aalopuri,240
TXN00756,10/21/2022,Sugarcane juice,250
TXN00757,12/25/2022,Sugarcane juice,275
TXN00758,9/25/2022,Vadapav,60
TXN00759,12/25/2022,Sugarcane juice,325
TXN00760,11/14/2022,Sugarcane juice,25
TXN00761,11/12/2022,Sandwich,180
TXN00762,4/9/2022,Vadapav,240
TXN00763,7/4/2022,Vadapav,280
TXN00764,2/14/2023,Sandwich,420
TXN00765,6/15/2022,Sandwich,780
TXN00766,6/19/2022,Sandwich,600
TXN00767,2/26/2023,Frankie,400
TXN00768,1/12/2023,Sandwich,840
TXN00769,6/7/2022,Frankie,400
TXN00770,2/22/2023,Aalopuri,160
TXN00771,8/15/2022,Panipuri,100
TXN00772,3/20/2023,Cold coffee,360
TXN00773,8/14/2022,Cold coffee,280
TXN00774,3/15/2023,Vadapav,20
TXN00775,3/27/2023,Sandwich,360
TXN00776,2/7/2023,Frankie,500
TXN00777,10/23/2022,Panipuri,260
TXN00778,6/11/2022,Frankie,650
TXN00779,1/16/2023,Sandwich,780
TXN00780,11/27/2022,Sugarcane juice,325
TXN00781,5/27/2022,Aalopuri,200
TXN00782,12/16/2022,Aalopuri,100
TXN00783,4/29/2022,Aalopuri,160
TXN00784,7/9/2022,Vadapav,160
TXN00785,12/7/2022,Aalopuri,40
TXN00786,3/13/2023,Sandwich,840
TXN00787,3/25/2023,Aalopuri,40
TXN00788,8/13/2022,Sugarcane juice,175
TXN00789,8/3/2022,Sugarcane juice,175
TXN00790,7/20/2022,Panipuri,60
TXN00791,4/7/2022,Vadapav,60
TXN00792,2/25/2023,Vadapav,40
TXN00793,8/30/2022,Sandwich,360
TXN00794,10/2/2022,Sugarcane juice,125
TXN00795,1/10/2023,Vadapav,180
TXN00796,6/25/2022,Sugarcane juice,350
TXN00797,11/26/2022,Cold coffee,440
TXN00798,5/22/2022,Frankie,600
TXN00799,1/11/2023,Panipuri,20
TXN00800,11/6/2022,Cold coffee,560
TXN00801,4/28/2022,Aalopuri,140
TXN00802,1/23/2023,Sandwich,420
TXN00803,8/27/2022,Vadapav,100
TXN00804,10/11/2022,Cold coffee,480
TXN00805,5/8/2022,Sugarcane juice,25
TXN00806,5/23/2022,Vadapav,60
TXN00807,6/13/2022,Frankie,50
TXN00808,9/21/2022,Panipuri,20
TXN00809,12/12/2022,Panipuri,200
TXN00810,12/27/2022,Vadapav,60
TXN00811,3/2/2023,Aalopuri,260
TXN00812,8/8/2022,Panipuri,100
TXN00813,10/13/2022,Panipuri,200
TXN00814,10/5/2022,Vadapav,260
TXN00815,4/20/2022,Cold coffee,480
TXN00816,1/11/2023,Sugarcane juice,275
TXN00817,5/21/2022,Aalopuri,240
TXN00818,2/28/2023,Frankie,300
TXN00819,10/12/2022,Vadapav,200
TXN00820,2/24/2023,Aalopuri,60
TXN00821,7/24/2022,Aalopuri,240
TXN00822,6/17/2022,Panipuri,240
TXN00823,2/13/2023,Panipuri,220
TXN00824,1/18/2023,Vadapav,40
TXN00825,10/30/2022,Panipuri,280
TXN00826,12/2/2022,Sandwich,900
TXN00827,1/6/2023,Sandwich,720
TXN00828,8/18/2022,Panipuri,120
TXN00829,9/19/2022,Cold coffee,240
TXN00830,11/28/2022,Cold coffee,360
TXN00831,8/1/2022,Frankie,250
TXN00832,6/6/2022,Sugarcane juice,100
TXN00833,9/1/2022,Panipuri,40
TXN00834,5/25/2022,Sugarcane juice,350
TXN00835,9/27/2022,Sugarcane juice,175
TXN00836,8/31/2022,Vadapav,40
TXN00837,5/19/2022,Aalopuri,140
TXN00838,7/31/2022,Cold coffee,360
TXN00839,5/8/2022,Sugarcane juice,100
TXN00840,2/18/2023,Cold coffee,600
TXN00841,2/3/2023,Vadapav,180
TXN00842,5/25/2022,Panipuri,40
TXN00843,7/4/2022,Sugarcane juice,25
TXN00844,5/4/2022,Sugarcane juice,325
TXN00845,7/1/2022,Cold coffee,240
TXN00846,4/20/2022,Aalopuri,100
TXN00847,8/14/2022,Panipuri,220
TXN00848,11/10/2022,Frankie,450
TXN00849,11/3/2022,Cold coffee,400
TXN00850,8/20/2022,Vadapav,60
TXN00851,1/28/2023,Aalopuri,300
TXN00852,5/5/2022,Sugarcane juice,200
TXN00853,2/17/2023,Cold coffee,120
TXN00854,10/14/2022,Cold coffee,560
TXN00855,10/23/2022,Vadapav,100
TXN00856,5/4/2022,Aalopuri,220
TXN00857,11/8/2022,Sugarcane juice,350
TXN00858,11/22/2022,Cold coffee,360
TXN00859,10/8/2022,Sandwich,660
TXN00860,7/16/2022,Cold coffee,200
TXN00861,1/24/2023,Sugarcane juice,200
TXN00862,3/10/2023,Frankie,350
TXN00863,9/8/2022,Frankie,450
TXN00864,8/20/2022,Cold coffee,360
TXN00865,1/23/2023,Sugarcane juice,150
TXN00866,8/13/2022,Frankie,500
TXN00867,1/26/2023,Frankie,750
TXN00868,8/17/2022,Aalopuri,260
TXN00869,6/26/2022,Panipuri,180
TXN00870,10/31/2022,Cold coffee,200
TXN00871,12/7/2022,Vadapav,280
TXN00872,7/14/2022,Sandwich,720
TXN00873,5/9/2022,Sugarcane juice,25
TXN00874,5/9/2022,Cold coffee,160
TXN00875,8/5/2022,Vadapav,300
TXN00876,6/10/2022,Cold coffee,320
TXN00877,10/27/2022,Sugarcane juice,350
TXN00878,8/12/2022,Sandwich,360
TXN00879,11/6/2022,Cold coffee,360
TXN00880,6/25/2022,Sugarcane juice,125
TXN00881,5/25/2022,Sandwich,120
TXN00882,4/23/2022,Panipuri,180
TXN00883,8/24/2022,Aalopuri,100
TXN00884,3/1/2023,Vadapav,240
TXN00885,10/16/2022,Sugarcane juice,100
TXN00886,7/21/2022,Sugarcane juice,100
TXN00887,10/24/2022,Aalopuri,60
TXN00888,9/5/2022,Vadapav,160
TXN00889,4/12/2022,Vadapav,200
TXN00890,3/3/2023,Sugarcane juice,125
TXN00891,12/27/2022,Cold coffee,440
TXN00892,7/14/2022,Sugarcane juice,175
TXN00893,7/13/2022,Sugarcane juice,300
TXN00894,3/19/2023,Sandwich,900
TXN00895,1/3/2023,Sugarcane juice,275
TXN00896,10/30/2022,Aalopuri,260
TXN00897,8/22/2022,Aalopuri,120
TXN00898,3/2/2023,Frankie,400
TXN00899,1/24/2023,Aalopuri,140
TXN00900,12/7/2022,Sugarcane juice,225
TXN00901,12/24/2022,Vadapav,140
TXN00902,11/23/2022,Frankie,200
TXN00903,1/1/2023,Aalopuri,300
TXN00904,3/12/2023,Aalopuri,80
TXN00905,12/13/2022,Frankie,750
TXN00906,4/4/2022,Sandwich,900
TXN00907,10/19/2022,Cold coffee,160
TXN00908,3/6/2023,Sandwich,420
TXN00909,2/21/2023,Cold coffee,480
TXN00910,10/9/2022,Panipuri,20
TXN00911,4/9/2022,Sandwich,60
TXN00912,9/17/2022,Aalopuri,120
TXN00913,2/15/2023,Frankie,750
TXN00914,3/1/2023,Sandwich,840
TXN00915,10/7/2022,Cold coffee,280
TXN00916,11/17/2022,Cold coffee,600
TXN00917,5/15/2022,Vadapav,300
TXN00918,11/12/2022,Panipuri,120
TXN00919,1/3/2023,Vadapav,160
TXN00920,7/12/2022,Frankie,650
TXN00921,9/21/2022,Vadapav,280
TXN00922,6/13/2022,Frankie,250
TXN00923,5/30/2022,Cold coffee,120
TXN00924,12/17/2022,Panipuri,280
TXN00925,4/10/2022,Frankie,200
TXN00926,2/27/2023,Frankie,750
TXN00927,12/2/2022,Cold coffee,240
TXN00928,4/7/2022,Sandwich,660
TXN00929,6/6/2022,Frankie,450
TXN00930,11/27/2022,Sugarcane juice,250
TXN00931,6/26/2022,Aalopuri,300
TXN00932,10/18/2022,Sandwich,540
TXN00933,1/21/2023,Sugarcane juice,375
TXN00934,9/19/2022,Cold coffee,160
TXN00935,2/17/2023,Sandwich,720
TXN00936,8/10/2022,Panipuri,40
TXN00937,6/22/2022,Panipuri,80
TXN00938,8/10/2022,Sugarcane juice,350
TXN00939,2/19/2023,Vadapav,300
TXN00940,2/7/2023,Sugarcane juice,350
TXN00941,2/10/2023,Cold coffee,400
TXN00942,7/20/2022,Frankie,300
TXN00943,6/30/2022,Vadapav,120
TXN00944,5/12/2022,Aalopuri,40
TXN00945,5/15/2022,Cold coffee,80
TXN00946,2/21/2023,Sandwich,480
TXN00947,8/16/2022,Aalopuri,220
TXN00948,1/16/2023,Sandwich,600
TXN00949,1/7/2023,Panipuri,20
TXN00950,9/25/2022,Frankie,300
TXN00951,11/11/2022,Panipuri,220
TXN00952,9/24/2022,Aalopuri,280
TXN00953,11/10/2022,Sandwich,120
TXN00954,1/31/2023,Aalopuri,60
TXN00955,1/27/2023,Sugarcane juice,175
TXN00956,4/30/2022,Frankie,650
TXN00957,2/8/2023,Panipuri,60
TXN00958,5/22/2022,Sandwich,660
TXN00959,11/28/2022,Vadapav,160
TXN00960,8/12/2022,Sugarcane juice,375
TXN00961,3/14/2023,Frankie,650
TXN00962,5/18/2022,Frankie,650
TXN00963,10/5/2022,Vadapav,120
TXN00964,5/7/2022,Cold coffee,320
TXN00965,10/8/2022,Frankie,250
TXN00966,3/19/2023,Panipuri,220
TXN00967,6/29/2022,Cold coffee,560
TXN00968,8/9/2022,Cold coffee,600
TXN00969,11/6/2022,Cold coffee,440
TXN00970,11/21/2022,Aalopuri,100
TXN00971,10/2/2022,Frankie,100
TXN00972,3/11/2023,Aalopuri,20
TXN00973,6/7/2022,Sugarcane juice,25
TXN00974,1/28/2023,Vadapav,260
TXN00975,1/15/2023,Aalopuri,20
TXN00976,4/17/2022,Sugarcane juice,275
TXN00977,1/5/2023,Aalopuri,20
TXN00978,10/8/2022,Frankie,100
TXN00979,5/21/2022,Aalopuri,260
TXN00980,6/20/2022,Vadapav,180
TXN00981,1/22/2023,Panipuri,300
TXN00982,3/30/2023,Sugarcane juice,350
TXN00983,3/17/2023,Cold coffee,400
TXN00984,1/7/2023,Frankie,150
TXN00985,6/14/2022,Frankie,50
TXN00986,4/30/2022,Sugarcane juice,325
TXN00987,1/4/2023,Vadapav,60
TXN00988,1/3/2023,Frankie,650
TXN00989,10/11/2022,Cold coffee,520
TXN00990,11/24/2022,Vadapav,200
TXN00991,1/18/2023,Sandwich,420
TXN00992,10/21/2022,Sandwich,300
TXN00993,7/17/2022,Frankie,150
TXN00994,11/1/2022,Panipuri,40
TXN00995,6/18/2022,Sugarcane juice,25
TXN00996,3/19/2023,Frankie,500
TXN00997,9/20/2022,Sandwich,420
TXN00998,1/26/2023,Sandwich,780
TXN00999,8/27/2022,Panipuri,100
TXN001000,5/29/2022,Aalopuri,60
